Dofs,Degree,Time
35937,2.00E+00,1.192936
117649,3.00E+00,2.714509
274625,4.00E+00,8.246229
531441,5.00E+00,27.737577
