Order,N,Dofs,Error,Error2,h,Time
2,8,800,0.004054915,0.012762247,0.125,0.166428089
2,16,3136,0.001015405,0.003191453,0.0625,0.16302681
2,32,12416,0.000253956,0.000797918,0.03125,0.370257139
2,64,49408,6.35E-05,0.000199483,0.015625,0.69022274
2,128,197120,1.59E-05,4.99E-05,0.0078125,0.877368689
