Order,N,h,Dofs,Error,H2Error,Time
4,8,0.125,134144,2.89E-06,1.28E-05,9.31967473
4,16,0.0625,1060864,1.81E-07,8.02E-07,40.30694342
