Dofs,Degree,Time
104544,2.00E+00,1.192936
345744,3.00E+00,2.714509
811200,4.00E+00,8.246229
1574640,5.00E+00,27.737577
