Dofs,Degree,Time
101376,2.00E+00,1.192936
338688,3.00E+00,2.714509
798720,4.00E+00,8.246229
1555200,5.00E+00,27.737577
