Order,N,Dofs,Error,Time
4,8,35937,9.12E-08,0.328855991
4,16,274625,2.86E-09,2.375339508
4,32,2146689,9.49E-11,28.60202599
4,64,16974593,5.18E-11,473.4016044
4,128,135005697,4.35E-11,7166.201833
