Order,N,Dofs,Error,Time
3,8,4617,2.16E-05,0.140339136
3,16,32657,1.31E-06,0.225008011
3,32,245025,8.14E-08,1.027832747
3,64,1897025,5.08E-09,9.883100033
3,128,14926977,3.18E-10,164.5151136
