Order,N,Dofs,Error,Time
4,32,16641,1.03E-10,0.189466715
4,64,66049,3.22E-12,1.114325285
4,128,263169,1.01E-13,1.835734606
4,256,1050625,3.26E-15,6.854973316
