Order,N,Dofs,Error,Time
3,32,9409,2.18E-08,0.177810192
3,64,37249,1.36E-09,0.357911825
3,128,148225,8.52E-11,2.941084385
3,256,591361,5.32E-12,5.079407215
