Order,N,Dofs,Error,Time
2,32,3201,3.85E-06,0.132767439
2,64,12545,4.81E-07,0.489090443
2,128,49665,6.01E-08,0.57442522
2,256,197633,7.51E-09,2.312056541
