Order,N,Dofs,Error,Time
4,8,8289,1.74E-06,0.170832634
4,16,59585,5.43E-08,0.381052971
4,32,450945,1.70E-09,2.647108555
4,64,3506945,5.87E-11,27.59180999
4,128,27657729,3.90E-11,520.3751028
