Order,N,Dofs,Error,Time
3,8,15625,4.81E-06,0.173571348
3,16,117649,3.02E-07,0.572043896
3,32,912673,1.89E-08,6.074920177
3,64,7189057,1.18E-09,118.358021
3,128,57066625,8.62E-11,1434.64186
