Order,N,Dofs,Error,Time
2,8,2673,0.000213091,0.113537073
2,16,18785,2.67E-05,0.15580678
2,32,140481,3.33E-06,0.542073727
2,64,1085825,4.17E-07,4.633622885
2,128,8536833,5.21E-08,55.59390903
