Order,N,Dofs,Error,Time
2,32,4225,3.85E-06,0.152720928
2,64,16641,4.81E-07,0.255323648
2,128,66049,6.01E-08,0.731373072
2,256,263169,7.51E-09,2.908308983
