Order,N,Dofs,Error,Time
3,32,5313,6.82E-08,0.162526846
3,64,20865,4.26E-09,0.295506954
3,128,82689,2.66E-10,0.972603321
3,256,329217,1.66E-11,3.673895121
