Order,N,Dofs,Error,Time
4,32,8449,1.39E-09,0.171164513
4,64,33281,4.33E-11,0.904858351
4,128,132097,1.35E-12,1.536815166
4,256,526337,4.23E-14,5.582468033
