Order,N,Dofs,Error,Time
2,8,4913,0.000212092,0.122047186
2,16,35937,2.66E-05,0.196459532
2,32,274625,3.33E-06,0.9393363
2,64,2146689,4.16E-07,11.12951732
2,128,16974593,5.21E-08,193.3411462
