Order,N,h,Dofs,Error
4,8,0.125,104544,9.07E-06
4,16,0.0625,811200,5.67E-07
4,32,0.03125,6390144,3.55E-08
4,64,0.015625,50725632,2.22E-09
