Dofs,Degree,Time
18785,2.00E+00,1.192936
32657,3.00E+00,2.714509
59585,4.00E+00,8.246229
99569,5.00E+00,27.737577
