Dofs,Degree,Time
53856,2.00E+00,1.192936
106896,3.00E+00,2.714509
198336,4.00E+00,8.246229
336368,5.00E+00,27.737577
