Dofs,Error,Time
53856,0.000133345,1.192936
106896,3.67E-07,2.714509
198336,2.22E-09,8.246229
336368,6.51E-10,27.737577
