Dofs,Error,Time
53856,3.70E-05,1.192936
106896,6.15E-08,2.714509
198336,1.19E-10,8.246229
336368,1.70E-13,27.737577
