Dofs,Degree,Time
51456,2.00E+00,1.192936
115200,3.00E+00,2.714509
220672,4.00E+00,8.246229
380160,5.00E+00,27.737577
