Dofs,Error,Time
104544,0.000133125,1.978448
345744,1.48E-07,9.737377
811200,1.61E-10,41.062298
1574640,1.34E-10,142.505558
