Dofs,Error,Time
104544,6.18E-06,1.978448
345744,1.70E-09,9.737377
811200,1.50E-13,41.062298
1574640,1.30E-13,142.505558
